Workbook

Sheet List1
A1: Dávka | B1: Poznámka | C1: 2010 | D1: 2011 | E1: 2012 | F1: 2013 | G1: 2014 | H1: 2015 | I1: 2016 | J1: 2017 | K1: 2018 | L1: 2019 | M1: 2020 | N1: 2021 | O1: 2022 | P1: 2023 | Q1: (stav k 1.1. daného roku)
A2: Inflace raw | B2: Zdroj: ČSÚ, průměrná roční míra inflace. Pro rok 2022 odhad MFČR ze srpna 2022 | C2: 1.5 | D2: 1.9 | E2: 3.3 | F2: 1.4 | G2: 0.4 | H2: 0.3 | I2: 0.7 | J2: 2.5 | K2: 2.1 | L2: 2.8 | M2: 3.2 | N2: 3.8 | O2: 15.1 | P2: 10.8
A3: Inflace - k roku 2015 | C3: 0.93036399 | D3: 0.94804091 | E3: 0.97932626 | F3: 0.99303683 | G3: 0.99700897 | H3: 1 | I3: 1.007 | J3: 1.032175 | K3: 1.0538507 | L3: 1.0833585 | M3: 1.118026 | N3: 1.160511 | O3: 1.3357481 | P3: 1.4800089
A4: Inflace | C4: 0.95000413 | D4: 0.96805421 | E4: 0.98226424 | F4: 0.99601594 | G4: 1 | H4: 1.003 | I4: 1.010021 | J4: 1.0352715 | K4: 1.0570122 | L4: 1.0866086 | M4: 1.12138 | N4: 1.1639925 | O4: 1.3397554 | P4: 1.4844489
A5: Průměrná mzda | B5: Zdroj: ČSÚ; pro rok 2023 odhad ČNB (reálný pokles o 0,4%). | C5: 23864 | D5: 24455 | E5: 25067 | F5: 25035 | G5: 25768 | H5: 26591 | I5: 27764 | J5: 29638.418 | K5: 32050.753 | L5: 34577.509 | M5: 36176.326 | N5: 37902.854 | O5: 40353 | P5: =O5*1.1036 -> 44533.571
A6: Průměrný důchod | B6: Zdroj: ČSÚ, "průměrná výše starobního důchodu". A MPSV tisková zpráva. Důchod pro rok 2023 počítá s vládou schválenou (tj. nižší) mimořádnou valorizaci | C6: 10138 | D6: 10567 | E6: 10793 | F6: 10985 | G6: 11090 | H6: 11363 | I6: 11475 | J6: 11866 | K6: 12435 | L6: 13487 | M6: 14502 | N6: 15453 | O6: 18061 | P6: 20188
A7: Rodičovský příspěvek - celkem | B7: Jedno dítě | E7: 220000 | F7: 220000 | G7: 220000 | H7: 220000 | I7: 220000 | J7: 220000 | K7: 220000 | L7: 220000 | M7: 300000 | N7: 300000 | O7: 300000 | P7: 300000
A8: Příspěvek na bydlení - normativ | B8: pro nájemní bydlení pro 4-člennou rodinu ve městě 50-100 tisíc obyvatel (pro rok 2023 nad 70 tisíc obyv.). Pro rok 2023 počítáme i mimořádné navýšení platné pouze v tomto kalendářním roce (+1800 Kč) | C8: 11835 | D8: 12506 | E8: 13565 | F8: 14419 | G8: 14932 | H8: 14668 | I8: 14905 | J8: 14482 | K8: 14639 | L8: 14491 | M8: 15138 | N8: 15463 | O8: 15803 | P8: 21002
A9: Dávky pěstounské péče | B9: Příspěvek na úhradu potřeb dítěte 6-12 let + odměna pěstouna za 1 dítě. Platí pro pěstounskou péči zprostředkovanou státem. | C9: 7634 | D9: 7634 | E9: 8332 | F9: 13500 | G9: 13500 | H9: 13500 | I9: 13500 | J9: 13500 | K9: 18105 | L9: 18105 | M9: 18105 | N9: 18105 | O9: 22305 | P9: 25050
A10: Rodičovský příspěvek | B10: Za měsíc při čerpání dva roky; Pro roky 2010 a 2011 jde o měsíční rodičovský příspěvek v základní výměře | C10: 7600 | D10: 7600 | E10: 9166.6667 | F10: 9166.6667 | G10: 9166.6667 | H10: 9166.6667 | I10: 9166.6667 | J10: 9166.6667 | K10: 9166.6667 | L10: 9166.6667 | M10: 12500 | N10: 12500 | O10: =O7/24 -> 12500 | P10: =P7/24 -> 12500
A11: Příspěvek na péči, těžká závislost | B11: Výše příspěvku pro osobu mladší 18 let v stupni III (těžká závislost); která nevyužívá pobytové služby; bez bonusu za započtení životního minima. | C11: 9000 | D11: 9000 | E11: 9000 | F11: 9000 | G11: 9000 | H11: 9000 | I11: 9000 | J11: 9900 | K11: 9900 | L11: 9900 | M11: 13900 | N11: 13900 | O11: 13900 | P11: 13900
A12: Příspěvek na péči, těžká závislost + v pobyt. službách | C12: 9000 | D12: 9000 | E12: 9000 | F12: 9000 | G12: 9000 | H12: 9000 | I12: 9000 | J12: 9900 | K12: 9900 | L12: 9900 | M12: 9900 | N12: 9900 | O12: 13900 | P12: 13900
A13: Příspěvek na péči, středně těžká závislost | C13: 5000 | D13: 5000 | E13: 6000 | F13: 6000 | G13: 6000 | H13: 6000 | I13: 6000 | J13: 6600 | K13: 6600 | L13: 6600 | M13: 6600 | N13: 6600 | O13: 6600 | P13: 6600
A14: Životní minimum | C14: 3126 | D14: 3126 | E14: 3410 | F14: 3410 | G14: 3410 | H14: 3410 | I14: 3410 | J14: 3410 | K14: 3410 | L14: 3410 | M14: 3410 | N14: 3860 | O14: 3860 | P14: 4860
A15: Existenční minimum | C15: 2020 | D15: 2020 | E15: 2200 | F15: 2200 | G15: 2200 | H15: 2200 | I15: 2200 | J15: 2200 | K15: 2200 | L15: 2200 | M15: 2200 | N15: 2490 | O15: 2490 | P15: 3130
A16: Příspěvek na péči - bonus | B16: Bonus pro lidi s příjmy pod dvojnásobkem životního minima | E16: 2000 | F16: 2000 | G16: 2000 | H16: 2000 | I16: 2000 | J16: 2000 | K16: 2000 | L16: 2000 | M16: 2000 | N16: 2000 | O16: 2000 | P16: 2000
A17: Přídavek na dítě | B17: 6 – 15 let, základní výměra | C17: 610 | D17: 610 | E17: 610 | F17: 610 | G17: 610 | H17: 610 | I17: 610 | J17: 610 | K17: 610 | L17: 610 | M17: 610 | N17: 610 | O17: 770 | P17: 970
A18: Přídavek na dítě, zvýšená výměra | B18: 6 – 15 let, alespoň jeden rodič pracuje (zvýšení výměra) | C18: 610 | D18: 610 | E18: 610 | F18: 610 | G18: 610 | H18: 610 | I18: 610 | J18: 610 | K18: 910 | L18: 910 | M18: 910 | N18: 910 | O18: 1270 | P18: 1470
A19: Příspěvek na mobilitu | E19: 400 | F19: 400 | G19: 400 | H19: 400 | I19: 400 | J19: 400 | K19: 550 | L19: 550 | M19: 550 | N19: 550 | O19: 550 | P19: 900
A20: Přídavek na dítě - nárok | B20: násobek živ. Minima | C20: 2.4 | D20: 2.4 | E20: 2.4 | F20: 2.4 | G20: 2.4 | H20: 2.4 | I20: 2.4 | J20: 2.4 | K20: 2.7 | L20: 2.7 | M20: 2.7 | N20: 2.7 | O20: 3.4 | P20: 3.4
A21: Rodičovský příspěvek - trvání | G21: 4 | H21: 4 | I21: 4 | J21: 4 | K21: 4 | L21: 4 | M21: 4 | N21: 4

Sheet List1-backup
A1: Dávka | B1: Poznámka | C1: 2010 | D1: 2011 | E1: 2012 | F1: 2013 | G1: 2014 | H1: 2015 | I1: 2016 | J1: 2017 | K1: 2018 | L1: 2019 | M1: 2020 | N1: 2021 | O1: 2022 | P1: 2023 | Q1: (stav k 1.1. daného roku)
A2: Inflace raw | B2: Zdroj: ČSÚ, průměrná roční míra inflace. Pro rok 2022 odhad MFČR ze srpna 2022 | C2: 1.5 | D2: 1.9 | E2: 3.3 | F2: 1.4 | G2: 0.4 | H2: 0.3 | I2: 0.7 | J2: 2.5 | K2: 2.1 | L2: 2.8 | M2: 3.2 | N2: 3.8 | O2: 15.1 | P2: 10.8
A3: Inflace - k roku 2015 | C3: =D3/(1+D2/100) -> 0.93036399 | D3: =E3/(1+E2/100) -> 0.94804091 | E3: =F3/(1+F2/100) -> 0.97932626 | F3: =G3/(1+G2/100) -> 0.99303683 | G3: =H3/(1+H2/100) -> 0.99700897 | H3: 1 | I3: =H3*(1+I2/100) -> 1.007 | J3: =I3*(1+J2/100) -> 1.032175 | K3: =J3*(1+K2/100) -> 1.0538507 | L3: =K3*(1+L2/100) -> 1.0833585 | M3: =L3*(1+M2/100) -> 1.118026 | N3: =M3*(1+N2/100) -> 1.160511 | O3: =N3*(1+O2/100) -> 1.3357481 | P3: =O3*(1+P2/100) -> 1.4800089
A4: Inflace | C4: =C3/$G$3 -> 0.93315508 | D4: =D3/$G$3 -> 0.95088503 | E4: =E3/$G$3 -> 0.98226424 | F4: =F3/$G$3 -> 0.99601594 | G4: =G3/$G$3 -> 1 | H4: =H3/$G$3 -> 1.003 | I4: =I3/$G$3 -> 1.010021 | J4: =J3/$G$3 -> 1.0352715 | ... P4: =P3/$G$3 -> 1.4844489
A5: Průměrná mzda | B5: Zdroj: ČSÚ, pro rok 2022 data za druhé čtvrtletí; pro rok 2023 odhad ČNB (reálný pokles o 0,4%). | C5: 23105 | D5: 23627 | E5: 24252 | F5: =VLOOKUP(F1,mzdy!$A$1:$B$9,2,FALSE) -> 24221 | G5: =VLOOKUP(G1,mzdy!$A$1:$B$9,2,FALSE) -> 24906 | H5: =VLOOKUP(H1,mzdy!$A$1:$B$9,2,FALSE) -> 25697 | I5: =VLOOKUP(I1,mzdy!$A$1:$B$9,2,FALSE) -> 26837 | J5: =VLOOKUP(J1,mzdy!$A$1:$B$9,2,FALSE) -> 28704.067 | K5: =VLOOKUP(K1,mzdy!$A$1:$B$9,2,FALSE) -> 31005.861 | L5: =VLOOKUP(L1,mzdy!$A$1:$B$9,2,FALSE) -> 33227.633 | M5: =VLOOKUP(M1,mzdy!$A$1:$B$9,2,FALSE) -> 34606.335 | N5: =VLOOKUP(N1,mzdy!$A$1:$B$9,2,FALSE) -> 36191.866 | O5: 40086 | P5: 44237.627
A6: Průměrný důchod | B6: Zdroj: ČSÚ, "průměrná výše starobního důchodu". A MPSV tisková zpráva. Důchod pro rok 2023 počítá s vládou schválenou (tj. nižší) mimořádnou valorizaci | C6: 10138 | D6: 10567 | E6: 10793 | F6: 10985 | G6: 11090 | H6: 11363 | I6: 11475 | J6: 11866 | K6: 12435 | L6: 13487 | M6: 14502 | N6: 15453 | O6: 18061 | P6: 20188
A7: Příspěvek na péči, středně těžká závislost | C7: 5000 | D7: 5000 | E7: 6000 | F7: 6000 | G7: 6000 | H7: 6000 | I7: 6000 | J7: 6600 | K7: 6600 | L7: 6600 | M7: 6600 | N7: 6600 | O7: 6600 | P7: 6600
A8: Příspěvek na péči, těžká závislost | B8: Výše příspěvku pro osobu mladší 18 let v stupni III (těžká závislost); která nevyužívá pobytové služby; bez bonusu za započtení životního minima. | C8: 9000 | D8: 9000 | E8: 9000 | F8: 9000 | G8: 9000 | H8: 9000 | I8: 9000 | J8: 9900 | K8: 9900 | L8: 9900 | M8: 13900 | N8: 13900 | O8: 13900 | P8: 13900
A9: Příspěvek na péči, těžká závislost + v pobyt. službách | C9: 9000 | D9: 9000 | E9: 9000 | F9: 9000 | G9: 9000 | H9: 9000 | I9: 9000 | J9: 9900 | K9: 9900 | L9: 9900 | M9: 9900 | N9: 9900 | O9: 13900 | P9: 13900
A10: Příspěvek na péči - bonus | B10: Bonus pro lidi s příjmy pod dvojnásobkem životního minima | E10: 2000 | F10: 2000 | G10: 2000 | H10: 2000 | I10: 2000 | J10: 2000 | K10: 2000 | L10: 2000 | M10: 2000 | N10: 2000 | O10: 2000 | P10: 2000
A11: Příspěvek na bydlení - normativ | B11: pro nájemní bydlení pro 4-člennou rodinu ve městě 50-100 tisíc obyvatel (pro rok 2023 nad 70 tisíc obyv.). Pro rok 2023 počítáme i mimořádné navýšení platné pouze v tomto kalendářním roce (+1800 Kč) | C11: 11835 | D11: 12506 | E11: 13565 | F11: 14419 | G11: 14932 | H11: 14668 | I11: 14905 | J11: 14482 | K11: 14639 | L11: 14491 | M11: 15138 | N11: 15463 | O11: 15803 | P11: =19202+1800 -> 21002
A12: Přídavek na dítě | B12: 6 – 15 let, základní výměra | C12: 610 | D12: 610 | E12: 610 | F12: 610 | G12: 610 | H12: 610 | I12: 610 | J12: 610 | K12: 610 | L12: 610 | M12: 610 | N12: 610 | O12: 770 | P12: 970
A13: Přídavek na dítě, zvýšená výměra | B13: 6 – 15 let, alespoň jeden rodič pracuje (zvýšení výměra) | C13: 610 | D13: 610 | E13: 610 | F13: 610 | G13: 610 | H13: 610 | I13: 610 | J13: 610 | K13: 910 | L13: 910 | M13: 910 | N13: 910 | O13: 1270 | P13: 1470
A14: Přídavek na dítě - nárok | B14: násobek živ. Minima | C14: 2.4 | D14: 2.4 | E14: 2.4 | F14: 2.4 | G14: 2.4 | H14: 2.4 | I14: 2.4 | J14: 2.4 | K14: 2.7 | L14: 2.7 | M14: 2.7 | N14: 2.7 | O14: 3.4 | P14: 3.4
A15: Rodičovský příspěvek | B15: Za měsíc při čerpání dva roky; Pro roky 2010 a 2011 jde o měsíční rodičovský příspěvek v základní výměře | C15: 7600 | D15: 7600 | E15: =E16/24 -> 9166.6667 | F15: =F16/24 -> 9166.6667 | G15: =G16/24 -> 9166.6667 | H15: =H16/24 -> 9166.6667 | I15: =I16/24 -> 9166.6667 | J15: =J16/24 -> 9166.6667 | K15: =K16/24 -> 9166.6667 | L15: =L16/24 -> 9166.6667 | ... P15: =P16/24 -> 12500
A16: Rodičovský příspěvek - celkem | B16: Jeden prcek | E16: 220000 | F16: 220000 | G16: 220000 | H16: 220000 | I16: 220000 | J16: 220000 | K16: 220000 | L16: 220000 | M16: 300000 | N16: 300000 | O16: 300000 | P16: 300000
A17: Rodičovský příspěvek - trvání | G17: 4 | H17: 4 | I17: 4 | J17: 4 | K17: 4 | L17: 4 | M17: 4 | N17: 4
A18: Příspěvek na mobilitu | E18: 400 | F18: 400 | G18: 400 | H18: 400 | I18: 400 | J18: 400 | K18: 550 | L18: 550 | M18: 550 | N18: 550 | O18: 550 | P18: 900
A19: Dávky pěstounské péče | B19: Příspěvek na úhradu potřeb dítěte 6-12 let + odměna pěstouna za 1 dítě. Platí pro pěstounskou péči zprostředkovanou státem. | C19: =2.3*1960+C21 -> 7634 | D19: =2.3*1960+D21 -> 7634 | E19: =2.3*2140+E21 -> 8332 | F19: =5500+8000 -> 13500 | G19: =5500+8000 -> 13500 | H19: =5500+8000 -> 13500 | I19: =5500+8000 -> 13500 | J19: =5500+8000 -> 13500 | K19: =6105+12000 -> 18105 | L19: =6105+12000 -> 18105 | M19: =6105+12000 -> 18105 | N19: =6105+12000 -> 18105 | O19: =6105+16200 -> 22305 | P19: =7750+17300 -> 25050
A20: Existenční minimum | C20: 2020 | D20: 2020 | E20: 2200 | F20: 2200 | G20: 2200 | H20: 2200 | I20: 2200 | J20: 2200 | K20: 2200 | L20: 2200 | M20: 2200 | N20: 2490 | O20: 2490 | P20: 3130
A21: Životní minimum | C21: 3126 | D21: 3126 | E21: 3410 | F21: 3410 | G21: 3410 | H21: 3410 | I21: 3410 | J21: 3410 | K21: 3410 | L21: 3410 | M21: 3410 | N21: 3860 | O21: 3860 | P21: 4860

Sheet mzdy
A1: =1+A2 -> 2021 | B1: 36191.866
A2: =1+A3 -> 2020 | B2: 34606.335
A3: =1+A4 -> 2019 | B3: 33227.633
A4: =1+A5 -> 2018 | B4: 31005.861
A5: =1+A6 -> 2017 | B5: 28704.067
A6: =1+A7 -> 2016 | B6: 26837
A7: =1+A8 -> 2015 | B7: 25697
A8: =1+A9 -> 2014 | B8: 24906
A9: 2013 | B9: 24221
